id,original_sentence,attack_sentence,sentiment
1,"Cardona slowed her vehicle , turned [[around]] and [[returned]] to the intersection , where she called 911","Cardona slowed her vehicle , turned [[roughly]] and [[reverting]] to the intersection , where she called 911",2
2,"Both [[operating]] [[profit]] and net sales for the three-month [[period]] [[increased]] , respectively from EUR16 .0 m and EUR139m , as compared to the corresponding quarter in 2006","Both [[operations]] [[revenues]] and net sales for the three-month [[calendar]] [[hiked]] , respectively from EUR16 .0 m and EUR139m , as compared to the corresponding quarter in 2006",0
3,"Tampere Science Parks is a Finnish company that owns , [[leases]] and [[builds]] office properties and it [[specialises]] in [[facilities]] for technology-oriented [[businesses]]","Tampere Science Parks is a Finnish company that owns , [[lease]] and [[construct]] office properties and it [[excels]] in [[facility]] for technology-oriented [[enterprise]]",2
4,The real estate company posted a net [[loss]] of +ó  x201a -¼ 59.3 million +ó  x201a -¼ 0.21 per share compared with a net [[profit]] of +[[ó]]  x201a -¼ 31 million +ó  x201a -¼ 0.11 per share for the corresponding quarter of 2007,The real estate company posted a net [[losing]] of +ó  x201a -¼ 59.3 million +ó  x201a -¼ 0.21 per share compared with a net [[gains]] of +[[ñ]]  x201a -¼ 31 million +ó  x201a -¼ 0.11 per share for the corresponding quarter of 2007,1
5,The Oxyview Pulse Oximeter is a common device to [[check]] [[patient]] blood-oxygen saturation [[level]] and pulse [[rate]],The Oxyview Pulse Oximeter is a common device to [[cheques]] [[ailing]] blood-oxygen saturation [[tier]] and pulse [[accelerates]],2
6,"Componenta has [[production]] [[lines]] for similar-sized products at Karkkila in Finland , at Weert in the Netherlands and at Orhangazi in Turkey , and these had a combined output of approximately 100,000 tonnes and net sales of EUR 135 million in 2007","Componenta has [[fruitful]] [[pipelines]] for similar-sized products at Karkkila in Finland , at Weert in the Netherlands and at Orhangazi in Turkey , and these had a combined output of approximately 100,000 tonnes and net sales of EUR 135 million in 2007",2
7,"The EU Commission said earlier it had [[fined]] ThyssenKrupp , United Technologies Corp 's Otis , Schindler AG and Kone Oyj a total of 992.3 [[mln]] eur for alleged cartel activity in the lift [[market]] [[going]] back twelve years","The EU Commission said earlier it had [[fina]] ThyssenKrupp , United Technologies Corp 's Otis , Schindler AG and Kone Oyj a total of 992.3 [[trillions]] eur for alleged cartel activity in the lift [[marketed]] [[go]] back twelve years",1
8,"The company 's scheduled traffic , measured in revenue passenger kilometres RPK , [[grew]] by just over 2 % and nearly 3 % more passengers were carried on scheduled flights than in February 2009","The company 's scheduled traffic , measured in revenue passenger kilometres RPK , [[widen]] by just over 2 % and nearly 3 % more passengers were carried on scheduled flights than in February 2009",0
9,Le Lay succeeds [[Walter]] G++nter and will be [[based]] in Finland,Le Lay succeeds [[Faltering]] G++nter and will be [[groundwork]] in Finland,2
10,"[[The]] offer price is $ 35 million , [[including]] [[cash]] of $ 10 [[million]] as net [[debt]] assumption of [[FACE]] , and $ 20 million worth of Cencorp shares to be issued to Savcor","[[Du]] offer price is $ 35 million , [[implicating]] [[cashier]] of $ 10 [[trillions]] as net [[borrowers]] assumption of [[FACES]] , and $ 20 million worth of Cencorp shares to be issued to Savcor",2
11,The [[acquisition]] is [[expected]] to [[take]] place by the end of August 2007,The [[buying]] is [[hoped]] to [[pick]] place by the end of August 2007,2
12,Pretax profit [[rose]] to [[EUR]] 17.8 mn from [[EUR]] 14.9 mn in 2005,Pretax profit [[rebounds]] to [[EURO]] 17.8 mn from [[EURO]] 14.9 mn in 2005,0
13,"[[After]] the [[sale]] , Savcor Group Ltd will [[comprise]] Savcor ART , a [[corporate]] [[function]] and an investment in Cencorp Corporation","[[Subsequent]] the [[resale]] , Savcor Group Ltd will [[which]] Savcor ART , a [[enterprising]] [[role]] and an investment in Cencorp Corporation",2
14,"An  of the [[invention]] , [[released]] by the [[Patent]] Office , [[said]] : `` A non-coherent search matrix is [[formed]] of [[said]] correlation [[function]] matrix","An  of the [[inventiveness]] , [[liberating]] by the [[Brevet]] Office , [[avowed]] : `` A non-coherent search matrix is [[forming]] of [[assured]] correlation [[functioning]] matrix",2
15,"As such , the space has [[blond]] wood floors ( unlike the rest of the store ) and a notably Scandinavian vibe","As such , the space has [[pallid]] wood floors ( unlike the rest of the store ) and a notably Scandinavian vibe",2
16,"Ramirent 's net [[sales]] in the [[second]] quarterended [[June]] 30 were EURO 128.7 million about U.S. $ 163 [[million]] , a 3.3-percent [[increase]] [[compared]] with EURO 124.6 million for thesecond quarter last [[year]]","Ramirent 's net [[selling]] in the [[secs]] quarterended [[October]] 30 were EURO 128.7 million about U.S. $ 163 [[trillion]] , a 3.3-percent [[soar]] [[compares]] with EURO 124.6 million for thesecond quarter last [[yearly]]",0
17,"Citigroup , Inc ( NYSE : C ) has [[announced]] that its Global Transaction Services ( GTS ) business has been [[awarded]] a new [[mandate]] by Finland-based Pohjola Bank Group","Citigroup , Inc ( NYSE : C ) has [[announcing]] that its Global Transaction Services ( GTS ) business has been [[ascribed]] a new [[mandated]] by Finland-based Pohjola Bank Group",0
18,"The Australian company Mirabela Nickel has [[awarded]] Outokumpu Technology a [[contract]] for grinding [[technology]] for its nickel sulfide [[project]] in Bahia [[State]] , Brazil","The Australian company Mirabela Nickel has [[auctioned]] Outokumpu Technology a [[marketed]] for grinding [[techniques]] for its nickel sulfide [[draft]] in Bahia [[Estado]] , Brazil",0
19,"Vaahto Pulp & Paper , of Finnish Vaahto Group , has been [[awarded]] an order to [[renovate]] Finnish-Swedish forest industry company Stora Enso 's paperboard machine at the Ingerois Board Mill in Finland","Vaahto Pulp & Paper , of Finnish Vaahto Group , has been [[ascribed]] an order to [[renewal]] Finnish-Swedish forest industry company Stora Enso 's paperboard machine at the Ingerois Board Mill in Finland",0
20,The [[capital]] [[structure]] of Solidium may be complemented by other financial instruments in the future,The [[capitalization]] [[architecture]] of Solidium may be complemented by other financial instruments in the future,2
21,The [[rationalization]] of the [[operations]] [[seeks]] to achieve over EUR 1 million in yearly [[savings]] as from the second quarter of the current [[financial]] year,The [[rationalize]] of the [[activities]] [[trying]] to achieve over EUR 1 million in yearly [[economize]] as from the second quarter of the current [[finances]] year,0
22,The [[bank]] sees a potential for Getinge [[share]] to rise,The [[banker]] sees a potential for Getinge [[bartered]] to rise,0
23,"The company 's plant in Russia will [[continue]] to [[make]] tyres for its near markets , while the plant in Nokia in Finland will manufacture tyres for other markets","The company 's plant in Russia will [[persevere]] to [[bring]] tyres for its near markets , while the plant in Nokia in Finland will manufacture tyres for other markets",2
24,"Cargo traffic [[fell]] 1 % year-on-year to 8,561 tonnes in September 2009","Cargo traffic [[stumbled]] 1 % year-on-year to 8,561 tonnes in September 2009",1
25,"Subscribers of [[China]] Unicom , the [[nation]] 's second largest mobile phone operator after China Mobile , are [[expected]] to [[release]] [[pictures]] , videos and blog on the Internet via mobile phones as of March 2008","Subscribers of [[Chine]] Unicom , the [[countries]] 's second largest mobile phone operator after China Mobile , are [[predicted]] to [[emancipate]] [[imaging]] , videos and blog on the Internet via mobile phones as of March 2008",2
26,"[[Revenue]] [[grew]] by 2 percent to  x20ac 580 [[million]] $ 743 million , from  x20ac 569 [[million]]","[[Revenues]] [[hikes]] by 2 percent to  x20ac 580 [[millions]] $ 743 million , from  x20ac 569 [[billion]]",0
27,"[[The]] inaugural [[speech]] will be [[given]] by Hannu Kyrolainen , Finland 's [[Ambassador]] to the Czech Republic","[[Pour]] inaugural [[discourse]] will be [[accorded]] by Hannu Kyrolainen , Finland 's [[Embassies]] to the Czech Republic",2
28,"ALEXANDRIA , Va. , March 15 -- Jaakko Vilo of Turku , [[Finland]] , has developed a [[panel]] [[press]]","ALEXANDRIA , Va. , March 15 -- Jaakko Vilo of Turku , [[Finns]] , has developed a [[grouped]] [[journalists]]",2
29,SCANIA Morgan Stanley [[lifted]] the share target on Swedish heavy-duty truck and bus maker Scania AB to 330 crowns ( $ 42.4 - 35.2 euro ) from 310 crowns ( $ 39.8 - 33.1 euro ),SCANIA Morgan Stanley [[deleted]] the share target on Swedish heavy-duty truck and bus maker Scania AB to 330 crowns ( $ 42.4 - 35.2 euro ) from 310 crowns ( $ 39.8 - 33.1 euro ),0
30,Finnish food industry company L+ñnnen Tehtaat is [[planning]] [[changes]] to its fish product business,Finnish food industry company L+ñnnen Tehtaat is [[program]] [[alterations]] to its fish product business,2
31,Cargotec 's [[business]] areas [[also]] [[include]] the container handling solutions [[business]] [[area]] Kalmar and the [[marine]] cargo handling and offshore [[load]] handling [[solutions]] [[business]] area MacGREGOR,Cargotec 's [[entrepreneurial]] areas [[yet]] [[which]] the container handling solutions [[firms]] [[zona]] Kalmar and the [[seafaring]] cargo handling and offshore [[burdened]] handling [[solves]] [[enterprising]] area MacGREGOR,2
32,"Thus the method will cut working [[costs]] , and will fasten the planning and building processes","Thus the method will cut working [[spending]] , and will fasten the planning and building processes",0
33,Operating [[income]] [[rose]] to EUR 696.4 mn from EUR 600.3 mn in 2009,Operating [[revenue]] [[hikes]] to EUR 696.4 mn from EUR 600.3 mn in 2009,0
34,[[Finnish]] media group Talentum has issued a profit [[warning]],[[Helsinki]] media group Talentum has issued a profit [[prudent]],1
35,"Danske Bank A-S DANSKE DC [[jumped]] 3.7 percent to 133.4 kroner , rebounding from yesterday s 3.5 percent slide","Danske Bank A-S DANSKE DC [[slipped]] 3.7 percent to 133.4 kroner , rebounding from yesterday s 3.5 percent slide",0
36,"In [[December]] alone , the members of the [[Lithuanian]] Brewers ' Association sold a total of 20.3 [[million]] [[liters]] of beer , an [[increase]] of 1.9 [[percent]] from the sales of 19.92 [[million]] liters in December 2004","In [[Janvier]] alone , the members of the [[Lithuania]] Brewers ' Association sold a total of 20.3 [[trillion]] [[gallons]] of beer , an [[enlarge]] of 1.9 [[percentage]] from the sales of 19.92 [[millions]] liters in December 2004",0
37,[[Below]] are unaudited consolidated [[results]] for Aspocomp [[Group]] under IFRS reporting [[standards]],[[Hereafter]] are unaudited consolidated [[consequences]] for Aspocomp [[Groupings]] under IFRS reporting [[rules]],2
38,[[Changes]] to the as-built models from the [[design]] were communicated to the subcontractors to accommodate them into the steel and GRC [[glass]] [[reinforced]] [[concrete]] fabrication process,[[Modifications]] to the as-built models from the [[conceive]] were communicated to the subcontractors to accommodate them into the steel and GRC [[pandora]] [[intensifying]] [[tangible]] fabrication process,2
39,Customers [[include]] hotels and [[restaurants]] as [[well]] as wholesalers and some [[retailers]],Customers [[including]] hotels and [[dietary]] as [[good]] as wholesalers and some [[distributor]],2
40,"In Finland , the five [[largest]] brands [[control]] 90 % of the beer [[market]]","In Finland , the five [[grandest]] brands [[tested]] 90 % of the beer [[mercado]]",2
41,"Motorola Inc. of the United States came second with shipments of 217.4 million units for a 21.3 percent market share , [[followed]] by South Korea 's Samsung Electronics Co. with shipments of 118.0 million units for an 11.6 percent share","Motorola Inc. of the United States came second with shipments of 217.4 million units for a 21.3 percent market share , [[adhered]] by South Korea 's Samsung Electronics Co. with shipments of 118.0 million units for an 11.6 percent share",2
42,"The donations are granted to Aalto University and the universities of Helsinki , Tampere , Turku , Eastern Finland , Jyv+ñskyl+ñ , Oulu and Vaasa , and to polytechnics to be [[announced]] [[later]]","The donations are granted to Aalto University and the universities of Helsinki , Tampere , Turku , Eastern Finland , Jyv+ñskyl+ñ , Oulu and Vaasa , and to polytechnics to be [[heralding]] [[following]]",2
43,"Metsa-Botnia will finance the [[payment]] of dividends , the repayment of capital and the repurchase of its own shares with the [[funds]] deriving from its divestment of the Uruguay operations , and shares in Pohjolan Voima , and by utilising its existing financing facilities","Metsa-Botnia will finance the [[payout]] of dividends , the repayment of capital and the repurchase of its own shares with the [[resources]] deriving from its divestment of the Uruguay operations , and shares in Pohjolan Voima , and by utilising its existing financing facilities",2
44,The company [[said]] that the results of the [[third]] quarter do not [[include]] non-recurring items,The company [[pointed]] that the results of the [[thirds]] quarter do not [[understand]] non-recurring items,2
45,"Of the company 's [[net]] sales , 38 % was [[acquired]] in Finland , 21 % in other [[European]] countries , 40 % in Asia , and 1 % in the US","Of the company 's [[tenderloin]] sales , 38 % was [[gained]] in Finland , 21 % in other [[Europeans]] countries , 40 % in Asia , and 1 % in the US",2
46,"A [[maximum]] of 666,104 new [[shares]] can further be [[subscribed]] for by exercising B options under the 2004 stock [[option]] [[plan]]","A [[higher]] of 666,104 new [[interchange]] can further be [[concurred]] for by exercising B options under the 2004 stock [[alternating]] [[agendas]]",2
47,[[The]] [[expansion]] is to be finalized in the [[autumn]] of 2009,[[To]] [[broadening]] is to be finalized in the [[slumps]] of 2009,2
48,"( ADP [[News]] ) - Sep 30 , 2008 - [[Finnish]] [[security]] and [[privacy]] software [[solutions]] [[developer]] Stonesoft Oyj [[said]] today that it won a USD 1.9 million ( EUR 1.3 m ) order to [[deliver]] its StoneGate network [[security]] products to an unnamed [[Russian]] t","( ADP [[Novice]] ) - Sep 30 , 2008 - [[Stockholm]] [[upholding]] and [[confidentially]] software [[solution]] [[designer]] Stonesoft Oyj [[declared]] today that it won a USD 1.9 million ( EUR 1.3 m ) order to [[render]] its StoneGate network [[guarantee]] products to an unnamed [[Russe]] t",0
49,Net profit [[fell]] by [[almost]] half to +é 5.5 million from +é 9.4 million at the end of 2007,Net profit [[shortening]] by [[nigh]] half to +é 5.5 million from +é 9.4 million at the end of 2007,1
50,Operating [[profit]] [[improved]] by 44.0 % to [[ER]] 4.7 mn from EUR 3.3 [[mn]] in 2004,Operating [[salary]] [[duller]] by 44.0 % to [[EH]] 4.7 mn from EUR 3.3 [[minnesota]] in 2004,0
51,"Viking will pay EUR 130 [[million]] for the new [[ship]] , which will be completed in January 2008","Viking will pay EUR 130 [[trillions]] for the new [[warships]] , which will be completed in January 2008",2
52,Cash flow from operations in January-December 2008 was a [[negative]] EUR 18.1 mn [[compared]] to EUR 39.0 mn in the [[corresponding]] period in 2007,Cash flow from operations in January-December 2008 was a [[harmful]] EUR 18.1 mn [[comparing]] to EUR 39.0 mn in the [[corresponded]] period in 2007,1
53,The extracted filtrates are very [[high]] in clarity while the dried filter cakes meet required transport moisture limits (TMLs)for their ore grades,The extracted filtrates are very [[superior]] in clarity while the dried filter cakes meet required transport moisture limits (TMLs)for their ore grades,2
54,Diluted earnings per share ( EPS ) [[stood]] at EUR 0.25 versus EUR 0.42,Diluted earnings per share ( EPS ) [[amounted]] at EUR 0.25 versus EUR 0.42,1
55,"Kalnapilio-Tauro Grupe ( Kalnapilis-Tauras Group ) , which is [[owned]] by Denmark 's Royal Unibrew , [[raised]] its market [[share]] to 25.18 [[percent]] from 23.74 percent , as [[beer]] sales for the seven months [[jumped]] by 14.5 [[percent]] to 40.5 million liters","Kalnapilio-Tauro Grupe ( Kalnapilis-Tauras Group ) , which is [[possession]] by Denmark 's Royal Unibrew , [[posed]] its market [[exchanges]] to 25.18 [[cent]] from 23.74 percent , as [[casket]] sales for the seven months [[slipped]] by 14.5 [[cent]] to 40.5 million liters",0
56,The transaction is planned to be [[financed]] with a EUR40m market-based [[loan]] granted by Standard Chartered Bank Hong Kong,The transaction is planned to be [[aided]] with a EUR40m market-based [[willing]] granted by Standard Chartered Bank Hong Kong,2
57,"Production [[levels]] have been agreed with producers a long time ago , so a [[fall]] in consumption will [[lead]] to [[losses]]","Production [[grades]] have been agreed with producers a long time ago , so a [[chute]] in consumption will [[culminate]] to [[loss]]",1
58,The beers [[differ]] slightly from mainstream [[beers]],The beers [[deviate]] slightly from mainstream [[beer]],2
59,The size of a cider bottle will [[remain]] unchanged,The size of a cider bottle will [[sustain]] unchanged,2
60,Market share [[decreased]] on the route between Helsinki in Finland and Tallinn in Estonia by 0.1 percentage points to 24.8 %,Market share [[mitigation]] on the route between Helsinki in Finland and Tallinn in Estonia by 0.1 percentage points to 24.8 %,1
61,Operating [[profit]] [[rose]] to [[EUR]] 13.5 mn from EUR 9.7 mn in the [[corresponding]] period in 2006,Operating [[revenues]] [[hikes]] to [[EURO]] 13.5 mn from EUR 9.7 mn in the [[correspond]] period in 2006,0
62,Filmiteollisuus Fine Ab will be [[transferred]] to Talentum Oyj in the [[form]] of a [[subsidiary]],Filmiteollisuus Fine Ab will be [[trespassed]] to Talentum Oyj in the [[forming]] of a [[auxiliaries]],2
63,An EU law on the [[issue]] may be [[introduced]] [[around]] 2010,An EU law on the [[problem]] may be [[lodged]] [[nearly]] 2010,2
64,"[[Following]] the [[registration]] , the number of [[issued]] and [[outstanding]] shares of Basware is 12,890,829","[[Hereafter]] the [[logging]] , the number of [[lawsuits]] and [[unpaid]] shares of Basware is 12,890,829",2
65,"Tieto 's service is [[also]] [[used]] to send , [[process]] and receive [[materials]] related to absentee voting","Tieto 's service is [[incidentally]] [[resorted]] to send , [[formalities]] and receive [[documents]] related to absentee voting",2
66,The [[value]] of the three-year [[contract]] is [[estimated]] at EUR40m,The [[importance]] of the three-year [[agreements]] is [[valuing]] at EUR40m,2
67,"The Hayward , Calif.-[[based]] [[target]] [[designs]] [[active]] , [[casual]] and [[dress]] footwear , as [[well]] as boots and sandals","The Hayward , Calif.-[[groundwork]] [[targeting]] [[destiny]] [[proactive]] , [[fortuitous]] and [[garment]] footwear , as [[good]] as boots and sandals",2
68,Finnish developer and manufacturer of mobile phone chargers Salcomp Plc OMX Helsinki : SAL1V on Wednesday 19 November [[lowered]] its full-year net sales estimate,Finnish developer and manufacturer of mobile phone chargers Salcomp Plc OMX Helsinki : SAL1V on Wednesday 19 November [[narrowing]] its full-year net sales estimate,1
69,"For the first nine months of 2010 , Talvivaara 's net loss [[narrowed]] to EUR 8.3 million from EUR 21.9 million for the same period of 2009","For the first nine months of 2010 , Talvivaara 's net loss [[declined]] to EUR 8.3 million from EUR 21.9 million for the same period of 2009",0
70,"If Honkarakenne starts production there , it will [[need]] a partner for sawmill operations","If Honkarakenne starts production there , it will [[requisite]] a partner for sawmill operations",2
71,[[Clothing]] chain Sepp+ñl+ñ 's [[net]] sales [[increased]] by 7.0 % to EUR 30.8 [[mn]],[[Garment]] chain Sepp+ñl+ñ 's [[wisp]] sales [[prolong]] by 7.0 % to EUR 30.8 [[manganese]],0
72,Marathon [[estimates]] the [[value]] of its remaining [[stake]] in Protalix at $ 27 million,Marathon [[evaluating]] the [[importance]] of its remaining [[staking]] in Protalix at $ 27 million,2
73,"industry in Asia +ó Pakistan , Malaysia , Taiwan and Philippines Today , Global Research & Data Services is going to publish [[several]] market analyses about the cement markets in Asia","industry in Asia +ó Pakistan , Malaysia , Taiwan and Philippines Today , Global Research & Data Services is going to publish [[differing]] market analyses about the cement markets in Asia",2
74,"Local government commissioner of +àm+Ñl , Kurt Svensson , says he will contact the management of Finnish company Componenta to find out if there are any [[alternatives]] to the company 's decision to close down its plant in +àm+Ñl","Local government commissioner of +àm+Ñl , Kurt Svensson , says he will contact the management of Finnish company Componenta to find out if there are any [[substitutions]] to the company 's decision to close down its plant in +àm+Ñl",2
75,"( ADPnews ) - May 4 , 2010 - Finnish cutlery and hand tools maker Fiskars Oyj Abp ( HEL : FISAS ) said today its net profit [[declined]] to EUR 12.9 million ( USD 17m ) in the first quarter of 2010 from EUR 17 million in the correspon","( ADPnews ) - May 4 , 2010 - Finnish cutlery and hand tools maker Fiskars Oyj Abp ( HEL : FISAS ) said today its net profit [[tumble]] to EUR 12.9 million ( USD 17m ) in the first quarter of 2010 from EUR 17 million in the correspon",1
76,"HELSINKI AFX - Salcomp , the mobile phone charger manufacturer , [[said]] it has appointed Markku Hangasjarvi as its new CEO , [[following]] the [[resignation]] of Mats Eriksson","HELSINKI AFX - Salcomp , the mobile phone charger manufacturer , [[testified]] it has appointed Markku Hangasjarvi as its new CEO , [[hereafter]] the [[quits]] of Mats Eriksson",2
77,[[He]] is a [[Chartered]] [[Accountant]] in [[British]] [[Columbia]] and Alberta as [[well]] as a Certified [[Public]] [[Accountant]] in Washington [[State]],[[Illinois]] is a [[Accredited]] [[Gl]] in [[England]] [[Colombia]] and Alberta as [[good]] as a Certified [[Population]] [[Bookkeeping]] in Washington [[Sate]],2
78,"The five-storey , eco-efficient building will have a gross floor area of about 15,000 sq m. It will [[also]] [[include]] [[apartments]]","The five-storey , eco-efficient building will have a gross floor area of about 15,000 sq m. It will [[further]] [[including]] [[flats]]",2
79,Finnish Outokumpu Technology has been [[awarded]] several [[new]] grinding technology contracts,Finnish Outokumpu Technology has been [[auctioned]] several [[novo]] grinding technology contracts,0
80,The investments and operational [[changes]] enable [[additional]] optimisation of the working hours and [[thereby]] further cost savings of some 7 % -9 %,The investments and operational [[changed]] enable [[supplementary]] optimisation of the working hours and [[where]] further cost savings of some 7 % -9 %,0
81,"However , [[sales]] volumes in the [[food]] industry are expected to remain at relatively [[good]] [[levels]] in [[Finland]] and in Scandinavia , Atria said","However , [[sell]] volumes in the [[nourishment]] industry are expected to remain at relatively [[bueno]] [[echelon]] in [[Finnish]] and in Scandinavia , Atria said",0
82,Fancy Dans on the move FAB Glasgow [[gift]] and interiors store Fancy Dans is [[moving]],Fancy Dans on the move FAB Glasgow [[skilful]] and interiors store Fancy Dans is [[transference]],2
83,Both the net sales and operating profit were record [[high]] in the company 's history,Both the net sales and operating profit were record [[supremo]] in the company 's history,0
84,` [[Very]] recommendable ' is the Nokian Z G2 according to the ` ADAC judgement ' in the latest summer tyre test of the German automobile association ADAC,` [[Muy]] recommendable ' is the Nokian Z G2 according to the ` ADAC judgement ' in the latest summer tyre test of the German automobile association ADAC,0
85,"The deal [[includes]] the entire personnel of PlanMill Oy , who will transfer to the new company as so-called old employees","The deal [[implicates]] the entire personnel of PlanMill Oy , who will transfer to the new company as so-called old employees",2
86,"Tikkurila Powder Coatings has some 50 employees at its four paint plants , which [[generated]] [[revenues]] of EUR2 .4 m USD3 .3 m in 2010","Tikkurila Powder Coatings has some 50 employees at its four paint plants , which [[caused]] [[incomes]] of EUR2 .4 m USD3 .3 m in 2010",2
87,"Tecnomen , headquartered in Espoo , Finland , [[develops]] [[messaging]] and charging [[solutions]] for telecomms operators and service [[providers]] worldwide","Tecnomen , headquartered in Espoo , Finland , [[lapses]] [[message]] and charging [[solution]] for telecomms operators and service [[deliverer]] worldwide",2
88,Finnish software developer Done Solutions Oyj [[said]] its net [[profit]] [[increased]] to 3.5 mln euro ( $ 4.6 mln ) in 2006 from 2.3 mln euro ( $ 3.0 [[mln]] ) in 2005,Finnish software developer Done Solutions Oyj [[tell]] its net [[revenues]] [[hiked]] to 3.5 mln euro ( $ 4.6 mln ) in 2006 from 2.3 mln euro ( $ 3.0 [[trillions]] ) in 2005,0
89,Net [[sales]] [[revenue]] per passenger is expected to [[increase]],Net [[sale]] [[proceeds]] per passenger is expected to [[risen]],0
90,The EUR 0.7 million non-recurring expenses have been [[recorded]] for the third quarter,The EUR 0.7 million non-recurring expenses have been [[records]] for the third quarter,2
91,The [[transactions]] would [[increase]] earnings [[per]] share in the first quarter by some EUR0 .28,The [[trading]] would [[redouble]] earnings [[by]] share in the first quarter by some EUR0 .28,0
92,"S Group 's loyal customer magazine Yhteishyv+[[ñ]] [[came]] [[second]] with 1,629,000 readers and Sanoma Corporation 's daily [[newspaper]] Helsingin Sanomat was [[third]] with 1,097,000 readers","S Group 's loyal customer magazine Yhteishyv+[[ó]] [[became]] [[secondly]] with 1,629,000 readers and Sanoma Corporation 's daily [[diary]] Helsingin Sanomat was [[thirds]] with 1,097,000 readers",2
93,The number of [[customers]] is [[one]] of the most [[important]] parameters in [[determining]] the price of electricity networks,The number of [[clients]] is [[aden]] of the most [[impressive]] parameters in [[determines]] the price of electricity networks,2
94,"[[Operating]] [[profit]] was EUR 9.8 mn , [[compared]] to a loss of EUR 12.7 mn in the corresponding period in 2009","[[Operations]] [[earn]] was EUR 9.8 mn , [[comparisons]] to a loss of EUR 12.7 mn in the corresponding period in 2009",0
95,"In January-November 2009 , the group 's sales totalled EUR 7,801.7 mn , which was a [[drop]] of 12.6 % from the same period of 2008","In January-November 2009 , the group 's sales totalled EUR 7,801.7 mn , which was a [[dipped]] of 12.6 % from the same period of 2008",1
96,"[[The]] fixed-term [[contract]] of Mr. Jarmo Ukonaho , the current General Manager of Incap 's Indian [[operations]] , will [[finish]] by the end of the year","[[Nova]] fixed-term [[agreement]] of Mr. Jarmo Ukonaho , the current General Manager of Incap 's Indian [[operational]] , will [[complete]] by the end of the year",2
97,The [[increase]] range will [[vary]] up to 10 %,The [[increased]] range will [[altering]] up to 10 %,2
98,Altogether 150 subjects with mildly elevated cholesterol levels [[participated]] in the four-month long intervention,Altogether 150 subjects with mildly elevated cholesterol levels [[turnout]] in the four-month long intervention,2
99,[[Diluted]] earnings per share ( EPS ) [[rose]] to EUR 0.52 versus [[EUR]] 0.09,[[Weakened]] earnings per share ( EPS ) [[ascent]] to EUR 0.52 versus [[EUROS]] 0.09,0
100,"Key shareholders of Finnish IT services provider TietoEnator Oyj on Friday [[rejected]] a hostile EUR1 .08 billion $ 1.67 billion offer from buyout shop Nordic Capital , giving new life to a possible counter offer from Blackstone Group LP and Norwegian telecom Telenor ASA","Key shareholders of Finnish IT services provider TietoEnator Oyj on Friday [[vetoed]] a hostile EUR1 .08 billion $ 1.67 billion offer from buyout shop Nordic Capital , giving new life to a possible counter offer from Blackstone Group LP and Norwegian telecom Telenor ASA",0
101,"[[For]] the last quarter of 2010 , Componenta 's net [[sales]] [[doubled]] to EUR131m from EUR76m for the same [[period]] a year earlier , while it [[moved]] to a [[zero]] pre-tax [[profit]] from a pre-tax loss of EUR7m","[[Into]] the last quarter of 2010 , Componenta 's net [[soiled]] [[doubly]] to EUR131m from EUR76m for the same [[deadlines]] a year earlier , while it [[travelled]] to a [[nothingness]] pre-tax [[earnings]] from a pre-tax loss of EUR7m",0
102,Operating profit excluding non-recurring items was EUR 7.8 million [[compared]] to EUR 11.2 million,Operating profit excluding non-recurring items was EUR 7.8 million [[likened]] to EUR 11.2 million,1
103,Scanfil has also issued a [[profit]] warning,Scanfil has also issued a [[perks]] warning,1
104,"The [[major]] breweries [[increased]] their domestic [[beer]] [[sales]] by 4.5 [[per]] cent last [[year]] , to 256.88 million litres from 245.92 million litres in 2004","The [[massive]] breweries [[hikes]] their domestic [[beers]] [[sale]] by 4.5 [[by]] cent last [[yr]] , to 256.88 million litres from 245.92 million litres in 2004",0
105,"[[According]] to Viking Line 's Managing [[Director]] , Nils-Erik Eklund , the company 's [[Board]] of Directors is very [[satisfied]] with Viking Line 's performance","[[Depending]] to Viking Line 's Managing [[Headmistress]] , Nils-Erik Eklund , the company 's [[Commission]] of Directors is very [[satisfy]] with Viking Line 's performance",0
106,That would be an [[increase]] from estimated sales of 117 million last year,That would be an [[soar]] from estimated sales of 117 million last year,0
107,Sanoma Magazines Finland 's net sales [[grew]] to EUR 140.1 mn from EUR 131.8 [[mn]],Sanoma Magazines Finland 's net sales [[rebounds]] to EUR 140.1 mn from EUR 131.8 [[minnesota]],0
108,"U.S.-based T Corp. is in talks with Scandinavian telecoms company TeliaSonera to [[sell]] its stake in Uzbek cellular operator Coscom , an executive at Coscom told Interfax","U.S.-based T Corp. is in talks with Scandinavian telecoms company TeliaSonera to [[resell]] its stake in Uzbek cellular operator Coscom , an executive at Coscom told Interfax",2
109,"LONDON AFX - Shares in Rautaruukki Corp have been [[upgraded]] to ` hold ' from ` [[sell]] ' by ABN Amro , with the [[price]] target [[raised]] to 25.75 [[eur]] from 14.5 , said [[dealers]]","LONDON AFX - Shares in Rautaruukki Corp have been [[update]] to ` hold ' from ` [[sale]] ' by ABN Amro , with the [[fees]] target [[posed]] to 25.75 [[euros]] from 14.5 , said [[retailers]]",0
110,"The final [[price]] will be [[specified]] by 14 [[May]] 2010 , the [[acquiring]] company [[said]]","The final [[reward]] will be [[establishes]] by 14 [[Conceivably]] 2010 , the [[acquires]] company [[emphasise]]",2
111,Dragonfly Love is another [[video]] [[shot]] from start to finish using the Nokia N8,Dragonfly Love is another [[videos]] [[felled]] from start to finish using the Nokia N8,2
112,The [[profit]] after [[taxes]] was EUR 57.7 11.1 million,The [[gains]] after [[tolls]] was EUR 57.7 11.1 million,2
113,The [[company]] will propose a [[dividend]] of EUR0 .12 [[per]] share for 2008,The [[firms]] will propose a [[payout]] of EUR0 .12 [[para]] share for 2008,2
114,"UPM-Kymmene www.upm-kymmene.[[com]] [[produces]] [[magazine]] papers and newsprint , as well as [[fine]] and specialty papers , [[converting]] [[materials]] and wood [[products]]","UPM-Kymmene www.upm-kymmene.[[coms]] [[engenders]] [[revue]] papers and newsprint , as well as [[admirable]] and specialty papers , [[transforming]] [[hardware]] and wood [[commodity]]",2
115,"`` This vessel [[order]] will [[help]] Aspo [[secure]] the long-term [[competitiveness]] of its fleet , both in terms of [[technology]] and pricing","`` This vessel [[decree]] will [[aids]] Aspo [[insure]] the long-term [[competitive]] of its fleet , both in terms of [[ways]] and pricing",0
116,"Net [[sales]] [[surged]] by 18.5 % to EUR167 .8 m. Teleste said that EUR20 .4 m , or 12.2 % , of the sales came from the acquisitions made in 2009","Net [[sale]] [[ascent]] by 18.5 % to EUR167 .8 m. Teleste said that EUR20 .4 m , or 12.2 % , of the sales came from the acquisitions made in 2009",0
117,Kauko-Telko 's centralized [[administration]] will be dissolved and [[appropriate]] parts of it will be [[transferred]] to operating [[activities]] and Group administration by the end of the year,Kauko-Telko 's centralized [[administrative]] will be dissolved and [[adequate]] parts of it will be [[trespassed]] to operating [[activity]] and Group administration by the end of the year,2
118,"[[Global]] [[sports]] equipment maker Amer Sports Corp. , whose brands include Atomic , Salomon and Wilson , [[saw]] a 64 percent [[increase]] in third-quarter net profit to EURO 47.4 million $ 65 million on [[strong]] [[sales]] and [[cost]] cuts","[[Universally]] [[sportsmen]] equipment maker Amer Sports Corp. , whose brands include Atomic , Salomon and Wilson , [[encountered]] a 64 percent [[hiked]] in third-quarter net profit to EURO 47.4 million $ 65 million on [[emphatic]] [[sells]] and [[price]] cuts",0
119,- Net sales for the period are expected to [[fall]] [[well]] below that of last year and the result after non-recurring items is expected to be in the red,- Net sales for the period are expected to [[downfall]] [[good]] below that of last year and the result after non-recurring items is expected to be in the red,1
120,down to EUR5 .9 m H1 '09 3 August 2009 - Finnish [[media]] group Ilkka-Yhtyma Oyj ( HEL : ILK2S ) [[said]] today its net profit [[fell]] 45 % on the year to EUR5 .9 m in the [[first]] half of 2009,down to EUR5 .9 m H1 '09 3 August 2009 - Finnish [[average]] group Ilkka-Yhtyma Oyj ( HEL : ILK2S ) [[affirmed]] today its net profit [[stumbled]] 45 % on the year to EUR5 .9 m in the [[premiere]] half of 2009,1
121,ABN : 59 087 901 620 now [[represent]] 5.10 % of the [[voting]] [[rights]] and [[share]] capital of Citycon Oyj,ABN : 59 087 901 620 now [[symbolizing]] 5.10 % of the [[polling]] [[right]] and [[sharing]] capital of Citycon Oyj,2
122,"[[The]] sellers [[include]] 40 shareholders , including Intellibis management , employees and other investors","[[Nova]] sellers [[implicating]] 40 shareholders , including Intellibis management , employees and other investors",2
123,"Commenting on the [[deal]] , Shane Lennon , SVP of [[Marketing]] & [[Product]] Development at GyPSii said :","Commenting on the [[struggles]] , Shane Lennon , SVP of [[Merchandising]] & [[Produces]] Development at GyPSii said :",2
124,"Since the registration of the shares [[subscribed]] in a directed share [[issue]] , the [[new]] number of Panostaja [[shares]] and [[voting]] rights is 41,733,110","Since the registration of the shares [[signature]] in a directed share [[problem]] , the [[novo]] number of Panostaja [[share]] and [[ballots]] rights is 41,733,110",2
125,"The [[remaining]] amount will be [[funded]] through debt , the [[Danish]] bank said","The [[surplus]] amount will be [[aided]] through debt , the [[Danes]] bank said",2
126,"The power supplies , DC [[power]] systems and inverters [[designed]] and manufactured by Efore , and systems incorporating them are [[used]] in [[many]] [[different]] applications","The power supplies , DC [[wattage]] systems and inverters [[established]] and manufactured by Efore , and systems incorporating them are [[exploiting]] in [[invaluable]] [[diversity]] applications",2
127,It [[estimates]] the operating profit to further [[improve]] from the third quarter,It [[calculates]] the operating profit to further [[augmentation]] from the third quarter,0
128,Finnish Bank of +àland reports its operating profit [[fell]] to EUR 4.9 mn in the third quarter of 2007 from EUR 5.6 mn in the third quarter of 2006,Finnish Bank of +àland reports its operating profit [[stumbled]] to EUR 4.9 mn in the third quarter of 2007 from EUR 5.6 mn in the third quarter of 2006,1
129,[[Finnish]] [[department]] store chain Stockmann Oyj Abp net [[profit]] [[rose]] to 39.8 [[mln]] euro ( $ 56.8 [[mln]] ) for the [[first]] nine [[months]] of 2007 from 37.4 mln euro ( $ 53.4 mln ) for the same period of 2006,[[Finns]] [[ministry]] store chain Stockmann Oyj Abp net [[revenues]] [[rebounds]] to 39.8 [[trillion]] euro ( $ 56.8 [[trillion]] ) for the [[premiere]] nine [[monthly]] of 2007 from 37.4 mln euro ( $ 53.4 mln ) for the same period of 2006,0
130,"Finnish high technology provider Vaahto Group [[reports]] [[net]] [[sales]] of EUR 41.8 [[mn]] in the accounting period September 2007 - [[February]] 2008 , an [[increase]] of 11.2 % from a year [[earlier]]","Finnish high technology provider Vaahto Group [[reporting]] [[wisp]] [[sells]] of EUR 41.8 [[minneapolis]] in the accounting period September 2007 - [[Aug]] 2008 , an [[redouble]] of 11.2 % from a year [[prior]]",0
131,"Cash flow from operations totalled EUR 7.4 mn , [[compared]] to a [[negative]] EUR 68.6 mn in the [[second]] quarter of 2008","Cash flow from operations totalled EUR 7.4 mn , [[compares]] to a [[injurious]] EUR 68.6 mn in the [[ii]] quarter of 2008",0
132,Juha Haapakoski will [[continue]] as Editor-in-Chief with budget [[responsibility]] also with the [[new]] publisher,Juha Haapakoski will [[incessant]] as Editor-in-Chief with budget [[burdens]] also with the [[nouvelle]] publisher,2
133,[[Customers]] in a [[wide]] range of [[industries]] use our stainless steel and services worldwide,[[Buyers]] in a [[stronger]] range of [[companies]] use our stainless steel and services worldwide,2
134,Currently the quarterly applied surcharges [[differ]] significantly from the actual market prices,Currently the quarterly applied surcharges [[deviate]] significantly from the actual market prices,2
135,The non-recurring costs caused to Talentum 's Premedia business area by the [[restructuring]] will amount to 2.0 mln euro $ 2.7 mln and will be [[included]] in the company 's financial [[results]] for the second quarter of 2007,The non-recurring costs caused to Talentum 's Premedia business area by the [[redesigning]] will amount to 2.0 mln euro $ 2.7 mln and will be [[inscribed]] in the company 's financial [[upshot]] for the second quarter of 2007,2
136,The [[closing]] of such [[transaction]] took place today,The [[shutdown]] of such [[surgeries]] took place today,2
137,Earnings per share ( EPS ) in 2005 [[decreased]] to EUR1 .87 from EUR1 .89 in 2003,Earnings per share ( EPS ) in 2005 [[shortening]] to EUR1 .87 from EUR1 .89 in 2003,1
138,Major Order in India Comptel Corporation has received a [[significant]] long-term [[order]] for mediation and provisioning solutions being used by a leading operator in India,Major Order in India Comptel Corporation has received a [[huge]] long-term [[injunction]] for mediation and provisioning solutions being used by a leading operator in India,0
139,Operating [[profit]] [[excluding]] non-recurring items [[increased]] by 27 % to EUR 81.9 mn from [[EUR]] 64.4 mn in the corresponding period in 2008,Operating [[earn]] [[excludes]] non-recurring items [[extending]] by 27 % to EUR 81.9 mn from [[EURO]] 64.4 mn in the corresponding period in 2008,0
140,"According to Finnish Scanfil 's founder and chairman of the board , Jorma J. Takanen , the company has to look for [[growth]] abroad","According to Finnish Scanfil 's founder and chairman of the board , Jorma J. Takanen , the company has to look for [[augment]] abroad",2
141,"`` The implementation of these programs has had , and will have , [[negative]] [[impacts]] on 2006 and 2007 earnings , '' Mr Meiklejohn said","`` The implementation of these programs has had , and will have , [[noxious]] [[influencing]] on 2006 and 2007 earnings , '' Mr Meiklejohn said",1
142,Elcoteq SE is Europe 's [[largest]] contract electronics maker and has set up a unit in Bangalore in association with Avista Advisory of Mumbai,Elcoteq SE is Europe 's [[strongest]] contract electronics maker and has set up a unit in Bangalore in association with Avista Advisory of Mumbai,2
143,"Addus ' [[services]] [[include]] personal care and [[assistance]] with [[activities]] of daily living , skilled nursing and rehabilitative therapies , and adult [[day]] care","Addus ' [[service]] [[incorporating]] personal care and [[aided]] with [[initiatives]] of daily living , skilled nursing and rehabilitative therapies , and adult [[dias]] care",2
144,"The company can not give up [[palm]] oil [[altogether]] , however","The company can not give up [[palma]] oil [[cordially]] , however",2
145,Our standardised services have [[met]] with a [[positive]] reception [[among]] our [[customers]] as well as at Itella,Our standardised services have [[adhered]] with a [[actively]] reception [[between]] our [[consumers]] as well as at Itella,0
146,"Last July , the group [[said]] it [[intended]] to relocate [[warehouse]] and office space in Loudeac and Saint Marcel to Morvillars , in the [[east]] of France , where it already operates a hook manufacturing and [[distribution]] unit","Last July , the group [[affirmed]] it [[designed]] to relocate [[depots]] and office space in Loudeac and Saint Marcel to Morvillars , in the [[southeast]] of France , where it already operates a hook manufacturing and [[distribute]] unit",2
147,Operating profit [[fell]] to EUR 38.1 mn from EUR 55.3 mn in 2007,Operating profit [[autumn]] to EUR 38.1 mn from EUR 55.3 mn in 2007,1
148,It also turned to [[earnings]] per share ( EPS ) of EUR 0.08 versus loss per share of EUR 0.04,It also turned to [[dividend]] per share ( EPS ) of EUR 0.08 versus loss per share of EUR 0.04,0
149,"[[Revenue]] from July to September [[grew]] 21 percent to EURO 2.3 billion , the [[Finnish]] [[company]] said Thursday","[[Recipes]] from July to September [[extending]] 21 percent to EURO 2.3 billion , the [[Finland]] [[corporations]] said Thursday",0
150,"[[At]] the end of March 2009 , the [[company]] 's loans [[amounted]] to [[EUR]] 10.113 mn","[[During]] the end of March 2009 , the [[firms]] 's loans [[synthesized]] to [[EURO]] 10.113 mn",2
151,"Following the demerger , the vice president of the group 's [[pharmaceutical]] trade in [[Finland]] , Jukka Niemi , will be [[appointed]] managing director of Oriola in [[addition]] to his [[current]] [[responsibilities]]","Following the demerger , the vice president of the group 's [[pharmacology]] trade in [[Finns]] , Jukka Niemi , will be [[appointments]] managing director of Oriola in [[anymore]] to his [[incessant]] [[liabilities]]",2
152,"Net [[income]] from life [[insurance]] [[rose]] to EUR 16.5 mn from EUR 14.0 mn , and [[net]] [[income]] from non-life [[insurance]] to [[EUR]] 22.6 mn from EUR 15.2 mn in 2009","Net [[revenue]] from life [[security]] [[hiked]] to EUR 16.5 mn from EUR 14.0 mn , and [[wisp]] [[receipts]] from non-life [[security]] to [[EURO]] 22.6 mn from EUR 15.2 mn in 2009",0
153,"[[In]] providing managed services , Nokia takes [[responsibility]] for building , operating and transferring as [[well]] as optimising the Indosat 3G network","[[Across]] providing managed services , Nokia takes [[responsability]] for building , operating and transferring as [[good]] as optimising the Indosat 3G network",2
154,"Aldata [[Solution]] Oyj Bertrand Sciard President and CEO Further information : Aldata [[Solution]] Oyj , Bertrand Sciard , President and [[CEO]] , tel. +33 1 46 48 28 00 Aldata 100 % Retail-Wholesale At Aldata 100 % of our [[business]] is [[dedicated]] to retail and wholesale business [[improvement]]","Aldata [[Resolve]] Oyj Bertrand Sciard President and CEO Further information : Aldata [[Tackling]] Oyj , Bertrand Sciard , President and [[CEOS]] , tel. +33 1 46 48 28 00 Aldata 100 % Retail-Wholesale At Aldata 100 % of our [[firms]] is [[specialising]] to retail and wholesale business [[betterment]]",2
155,"Okmetic [[closed]] its plant in Espoo in early 2004 , and all production lines from the site were moved to Okmetic 's plants in Vantaa , Finland and Texas , USA","Okmetic [[shuts]] its plant in Espoo in early 2004 , and all production lines from the site were moved to Okmetic 's plants in Vantaa , Finland and Texas , USA",2
156,"As of [[July]] 2 , 2007 , the [[market]] [[cap]] segments will be [[updated]] [[according]] to the average price in May 2007","As of [[Nov]] 2 , 2007 , the [[commercialized]] [[roof]] segments will be [[upgraded]] [[pursuant]] to the average price in May 2007",2
157,"Arvo Vuorenmaa , the Loviisa [[plant]] 's general manager said the application for the new licence was a `` standard '' procedure and that he was `` quite [[confident]] '' about approval being granted","Arvo Vuorenmaa , the Loviisa [[vegetation]] 's general manager said the application for the new licence was a `` standard '' procedure and that he was `` quite [[certainty]] '' about approval being granted",0
158,"In January-September 2009 , the Group 's net interest income [[increased]] to EUR 112.4 mn from EUR 74.3 mn in January-September 2008","In January-September 2009 , the Group 's net interest income [[rebounds]] to EUR 112.4 mn from EUR 74.3 mn in January-September 2008",0
159,"The Internal Revenue Service sees about 20 percent of all taxpayers [[wait]] until the last two weeks to file , with about 40 million returns filed in April","The Internal Revenue Service sees about 20 percent of all taxpayers [[sufferance]] until the last two weeks to file , with about 40 million returns filed in April",2
160,"However , the proportion of the paid standing orders [[grew]] in 2009","However , the proportion of the paid standing orders [[augmentation]] in 2009",0
161,"The company [[serves]] customers in [[various]] industries , including process and [[resources]] , industrial machinery , architecture , building , [[construction]] , [[electrical]] , transportation , electronics , chemical , petrochemical , energy , and information technology , as [[well]] as [[catering]] and households","The company [[contributed]] customers in [[other]] industries , including process and [[finances]] , industrial machinery , architecture , building , [[architectural]] , [[electrified]] , transportation , electronics , chemical , petrochemical , energy , and information technology , as [[good]] as [[nutritious]] and households",2
162,"Operating [[loss]] before non-recurring items was EUR 0.9 mn , compared to a [[profit]] of EUR 11.5 mn in 2008","Operating [[losing]] before non-recurring items was EUR 0.9 mn , compared to a [[perks]] of EUR 11.5 mn in 2008",1
163,"According to preliminary data from Slovakia 's Statistics Office , goods worth E36 .4 million were imported from Finland between January and October 2010 , [[making]] up 0.1 percent of Slovakia 's total imports","According to preliminary data from Slovakia 's Statistics Office , goods worth E36 .4 million were imported from Finland between January and October 2010 , [[doing]] up 0.1 percent of Slovakia 's total imports",2
164,"Stockholm , 3 March 2011 About Cybercom [[The]] Cybercom Group is a high-tech [[consultancy]] that [[offers]] [[global]] sourcing for end-to-end solutions","Stockholm , 3 March 2011 About Cybercom [[To]] Cybercom Group is a high-tech [[direction]] that [[affords]] [[universal]] sourcing for end-to-end solutions",2
165,The company 's market share is [[continued]] to [[increase]] further,The company 's market share is [[ceaseless]] to [[raising]] further,0
166,Finnish laboratory liquid handling and diagnostic test systems developer Biohit Oyj OMX Helsinki : BIOBV issued on Tuesday 3 June a [[profit]] warning for the financial year 2008,Finnish laboratory liquid handling and diagnostic test systems developer Biohit Oyj OMX Helsinki : BIOBV issued on Tuesday 3 June a [[winnings]] warning for the financial year 2008,1
167,The bridge will be 1.2 km [[long]] and is [[located]] between Anasmotet by the [[road]] E20 and the [[new]] [[traffic]] junction in Marieholm by the road E45,The bridge will be 1.2 km [[lengthened]] and is [[positioned]] between Anasmotet by the [[pathway]] E20 and the [[newest]] [[trafficking]] junction in Marieholm by the road E45,2
168,"`` [[Small]] firms are [[suffering]] at the [[moment]] because they are likely to have money [[trouble]] , '' he added","`` [[Minimal]] firms are [[privation]] at the [[moments]] because they are likely to have money [[annoyance]] , '' he added",1
169,"YIT 's Baltic sales in the first three quarters of 2008 totaled 106.2 million euros , representing a [[drop]] of 29 percent year on year","YIT 's Baltic sales in the first three quarters of 2008 totaled 106.2 million euros , representing a [[chute]] of 29 percent year on year",1
170,"Raute posted a net profit of 1.8 mln euro $ 2.6 mln for the third quarter of 2007 , compared to a net [[loss]] of 299,000 euro $ 430,000 for the corresponding period of 2006","Raute posted a net profit of 1.8 mln euro $ 2.6 mln for the third quarter of 2007 , compared to a net [[losing]] of 299,000 euro $ 430,000 for the corresponding period of 2006",0
171,"The platform is [[based]] [[built]] on Intel s second-generation MID platform , [[called]] Moorestown","The platform is [[groundwork]] [[build]] on Intel s second-generation MID platform , [[calls]] Moorestown",2
172,"In Lithuania , operating [[profit]] [[rose]] to EUR 190,000 from EUR 70,000 in the corresponding period in 2005","In Lithuania , operating [[revenues]] [[hikes]] to EUR 190,000 from EUR 70,000 in the corresponding period in 2005",0
173,"Managing Director 's [[comments]] : `` Net sales for the first quarter were notably [[lower]] than a year before , especially in Finland , Russia and the Baltic countries","Managing Director 's [[commentary]] : `` Net sales for the first quarter were notably [[slash]] than a year before , especially in Finland , Russia and the Baltic countries",1
174,"Sales in Finland [[decreased]] by 10.5 % in [[January]] , while sales outside Finland [[dropped]] by 17 %","Sales in Finland [[lowering]] by 10.5 % in [[Janvier]] , while sales outside Finland [[shrunk]] by 17 %",1
175,"After the reporting period , BioTie North American licensing partner Somaxon Pharmaceuticals [[announced]] [[positive]] results with nalmefene in a pilot Phase 2 clinical trial for smoking [[cessation]]","After the reporting period , BioTie North American licensing partner Somaxon Pharmaceuticals [[declared]] [[actively]] results with nalmefene in a pilot Phase 2 clinical trial for smoking [[ceasing]]",0
176,"[[In]] the method the smelt spouts 2 are [[separated]] from the [[working]] [[area]] 6 by a shielding wall 8 , 10 arranged [[movable]] in [[relation]] to the smelt spouts","[[During]] the method the smelt spouts 2 are [[detached]] from the [[job]] [[domains]] 6 by a shielding wall 8 , 10 arranged [[cellphone]] in [[relating]] to the smelt spouts",2
177,"ALEXANDRIA , Va. , May 16 -- Kenneth Bower of Vista , Calif. , has [[developed]] an [[ornamental]] [[design]] for a [[handset]] , the U.S. Patent & Trademark Office [[announced]]","ALEXANDRIA , Va. , May 16 -- Kenneth Bower of Vista , Calif. , has [[phrased]] an [[adornment]] [[conceiving]] for a [[earphone]] , the U.S. Patent & Trademark Office [[proclaims]]",2
178,"[[says]] Brian Burton , Head of IT Security , Vodafone [[UK]]","[[complains]] Brian Burton , Head of IT Security , Vodafone [[BRITON]]",2
179,"Operating [[profit]] of Kauppalehti group [[rose]] to EUR 1.5 [[mn]] from EUR 1.3 mn , and that of Marketplaces to EUR 1.3 mn from EUR 1.0 mn in the third quarter of 2006","Operating [[revenue]] of Kauppalehti group [[hikes]] to EUR 1.5 [[min]] from EUR 1.3 mn , and that of Marketplaces to EUR 1.3 mn from EUR 1.0 mn in the third quarter of 2006",0
180,"The [[bond]] , with a [[maturity]] of five years , is [[part]] of the bank 's [[domestic]] [[bond]] [[program]]","The [[relationship]] , with a [[ripening]] of five years , is [[teil]] of the bank 's [[internally]] [[bonding]] [[agendas]]",2
181,"[[The]] mall is [[part]] of the Baltic Pearl development project in the [[city]] of [[St]] Petersburg , where Baltic [[Pearl]] CJSC , a [[subsidiary]] of Shanghai [[Foreign]] Joint [[Investment]] [[Company]] , is developing homes for 35,000 people","[[To]] mall is [[teil]] of the Baltic Pearl development project in the [[cities]] of [[Tk]] Petersburg , where Baltic [[Perl]] CJSC , a [[auxiliaries]] of Shanghai [[Abroad]] Joint [[Investor]] [[Promises]] , is developing homes for 35,000 people",2
182,"[[Sales]] [[improved]] to SEK 1,553 mn , [[compared]] with SEK 1,408 mn","[[Sells]] [[enhancing]] to SEK 1,553 mn , [[comparisons]] with SEK 1,408 mn",0
183,The deal is [[subject]] to approval by the Norwegian [[competition]] authorities,The deal is [[topic]] to approval by the Norwegian [[rivalries]] authorities,2
184,"The company 's net [[profit]] [[rose]] 11.4 % on the year to 82.2 million euros in 2005 on sales of 686.5 million euros , 13.8 % up on the year , the company [[said]] earlier","The company 's net [[revenues]] [[hikes]] 11.4 % on the year to 82.2 million euros in 2005 on sales of 686.5 million euros , 13.8 % up on the year , the company [[asserted]] earlier",0
185,A paper mill in the central Maine town of [[Madison]] [[soon]] will have a [[new]] owner,A paper mill in the central Maine town of [[Lexington]] [[speedily]] will have a [[nouveau]] owner,2
186,The order also [[includes]] start-up and commissioning services,The order also [[implicates]] start-up and commissioning services,2
187,Closing of such transaction took [[place]] today,Closing of such transaction took [[mise]] today,2
188,"Svyturys-Utenos Alus , which is [[controlled]] by the Nordic group Baltic [[Beverages]] [[Holding]] ( BBH ) , posted a 6.1 percent [[growth]] in beer [[sales]] for January-September to 101.99 [[million]] liters","Svyturys-Utenos Alus , which is [[policed]] by the Nordic group Baltic [[Cocktails]] [[Organising]] ( BBH ) , posted a 6.1 percent [[widening]] in beer [[sells]] for January-September to 101.99 [[trillion]] liters",0
189,"Order intake [[grew]] by 40 % year-on-year and 30 % year-on-year , respectively , to EUR 576 million and EUR 1.7 billion for the respective January-September and July-September 2010 [[periods]]","Order intake [[hiked]] by 40 % year-on-year and 30 % year-on-year , respectively , to EUR 576 million and EUR 1.7 billion for the respective January-September and July-September 2010 [[deadlines]]",0
190,"The Baltimore Police and Fire Pension , which has about $ 1.5 billion , [[lost]] about $ 3.5 million in Madoff Ponzi scheme","The Baltimore Police and Fire Pension , which has about $ 1.5 billion , [[outof]] about $ 3.5 million in Madoff Ponzi scheme",1
191,"The [[devices]] would be [[launched]] in the Chinese market in [[late]] 2006 , the company said","The [[tool]] would be [[inaugurated]] in the Chinese market in [[belated]] 2006 , the company said",2
192,"Operating profit for the three-month [[period]] [[increased]] from EUR1 .2 m , while [[revenue]] [[increased]] from EUR20 .2 m , as compared to the corresponding [[period]] in 2005","Operating profit for the three-month [[timetable]] [[rebounds]] from EUR1 .2 m , while [[earns]] [[rises]] from EUR20 .2 m , as compared to the corresponding [[timing]] in 2005",0
193,"May 29 , 2010 ( CompaniesandMarkets.com [[delivered]] by Newstex ) -- This [[report]] [[provides]] key data and [[information]] on the meat , [[fish]] and poultry market in Finland","May 29 , 2010 ( CompaniesandMarkets.com [[yielded]] by Newstex ) -- This [[rapport]] [[affords]] key data and [[enlightening]] on the meat , [[pez]] and poultry market in Finland",2
194,[[The]] total project duration is [[three]] [[years]] and it is [[valued]] at some EUR11 .5 m,[[To]] total project duration is [[trois]] [[ageing]] and it is [[valuing]] at some EUR11 .5 m,2
195,[[Name]] of [[Company]] in which holdings have been [[acquired]] : Citycon Oyj 2,[[Designation]] of [[Entrepreneurial]] in which holdings have been [[gains]] : Citycon Oyj 2,2
196,This organization will [[assume]] the [[responsibility]] for operations in Russia,This organization will [[reckon]] the [[responsibly]] for operations in Russia,2
197,"( ADP News ) - Feb 11 , 2009 - [[Finnish]] [[management]] software solutions [[provider]] Ixonos Oyj ( HEL : XNS1V ) [[said]] today its net [[profit]] [[rose]] to EUR 3.5 million ( [[USD]] 4.5 m ) for 2008 from EUR 3.1 [[million]] for 2007","( ADP News ) - Feb 11 , 2009 - [[Helsinki]] [[executives]] software solutions [[salesperson]] Ixonos Oyj ( HEL : XNS1V ) [[saying]] today its net [[revenues]] [[hikes]] to EUR 3.5 million ( [[DOLLAR]] 4.5 m ) for 2008 from EUR 3.1 [[millionth]] for 2007",0
198,"One [[price]] category is for [[calls]] on the preferred [[operator]] 's [[network]] , and [[another]] for calls on other operators ' networks","One [[burdens]] category is for [[demands]] on the preferred [[exploiter]] 's [[nets]] , and [[further]] for calls on other operators ' networks",2
199,The plant is expected to enter [[commercial]] [[operation]] by mid-2009,The plant is expected to enter [[merchandising]] [[activity]] by mid-2009,2
200,[[The]] [[contract]] is worth some [[EUR]] 1 [[million]],[[To]] [[agreement]] is worth some [[EURO]] 1 [[zillion]],2
201,The [[order]] is related to [[renewing]] the network of the [[telecommunications]] operator,The [[injunction]] is related to [[renewed]] the network of the [[communicative]] operator,2
202,The contract will take [[effect]] in 2009 for a five or ten year period,The contract will take [[repercussions]] in 2009 for a five or ten year period,2
203,"In the third quarter of 2007 , net sales [[totaled]] EUR 25.95 mn , and operating [[profit]] EUR 3.88 mn","In the third quarter of 2007 , net sales [[reached]] EUR 25.95 mn , and operating [[gains]] EUR 3.88 mn",2
204,"Marathon now has a 4.6 percent [[stake]] in PLX , it [[said]] , [[according]] to Bloomberg","Marathon now has a 4.6 percent [[staking]] in PLX , it [[renews]] , [[virtue]] to Bloomberg",2
205,The shares shall be [[acquired]] according to the [[Rules]] of NASDAQ OMX [[Helsinki]] and [[otherwise]] according to the [[rules]] related to acquisition of the [[company]] 's own shares,The shares shall be [[gaining]] according to the [[Bylaws]] of NASDAQ OMX [[Tampere]] and [[further]] according to the [[bylaws]] related to acquisition of the [[ventures]] 's own shares,2
206,The pretax profit of the group 's life [[insurance]] business [[increased]] to EUR36m from EUR27m,The pretax profit of the group 's life [[seguro]] business [[rebounds]] to EUR36m from EUR27m,0
207,The [[agreement]] [[strengthens]] our long-term [[partnership]] with Nokia Siemens [[Networks]],The [[mechanisms]] [[enriches]] our long-term [[collaborated]] with Nokia Siemens [[Webs]],0
208,`` We are [[pleased]] with the [[efforts]] of both [[negotiating]] [[teams]] and [[look]] forward to a productive four [[years]] ahead . ',`` We are [[ravi]] with the [[activities]] of both [[negotiates]] [[computers]] and [[listens]] forward to a productive four [[ages]] ahead . ',0
209,Operating result including non-recurring [[items]] [[rose]] to EUR 146mn from a loss of EUR 267mn in 2009,Operating result including non-recurring [[matters]] [[ascent]] to EUR 146mn from a loss of EUR 267mn in 2009,0
210,"Of these [[shares]] 14,747,084 are [[held]] by the Company and the number of outstanding shares and voting rights attached to the shares [[amounts]] [[thus]] to 161,256,847","Of these [[shared]] 14,747,084 are [[coerced]] by the Company and the number of outstanding shares and voting rights attached to the shares [[volumes]] [[where]] to 161,256,847",2
211,"Exel 's board of directors will propose a [[dividend]] of 0.2 euro $ 0.3 per share for 2006 at the annual general meeting on April 19 , 2007","Exel 's board of directors will propose a [[payout]] of 0.2 euro $ 0.3 per share for 2006 at the annual general meeting on April 19 , 2007",2
212,"Finnish IT solutions provider Affecto Oyj HEL : AFE1V said today its [[slipped]] to a net loss of EUR 115,000 USD 152,000 in the second quarter of 2010 from a profit of EUR 845,000 in the corresponding period a year earlier","Finnish IT solutions provider Affecto Oyj HEL : AFE1V said today its [[jumped]] to a net loss of EUR 115,000 USD 152,000 in the second quarter of 2010 from a profit of EUR 845,000 in the corresponding period a year earlier",1
213,"The decision reflects the underutilisation of the line , which produces nonwovens used in medical and wipes applications as [[well]] as for the automotive industry","The decision reflects the underutilisation of the line , which produces nonwovens used in medical and wipes applications as [[good]] as for the automotive industry",2
214,"[[In]] [[Finland]] 's Hobby Hall 's sales [[decreased]] by 10 % , and international sales [[fell]] by 19 %","[[Toward]] [[Finnish]] 's Hobby Hall 's sales [[lessened]] by 10 % , and international sales [[shortening]] by 19 %",1
215,"Oka specialises in new [[construction]] , [[renovation]] [[work]] of residential and non-residential building as [[well]] as premises for industrial and logistical [[use]]","Oka specialises in new [[edifice]] , [[renewed]] [[cooperation]] of residential and non-residential building as [[bah]] as premises for industrial and logistical [[utilise]]",2
216,Olli-Pekka [[Laine]] has been appointed as the Chairman and Erkki Pehu-Lehtonen as the [[Vice]] [[Chairman]] of the [[Board]],Olli-Pekka [[Lana]] has been appointed as the Chairman and Erkki Pehu-Lehtonen as the [[Sleazy]] [[Chairwoman]] of the [[Government]],2
217,[[The]] business to be divested [[generates]] [[consolidated]] net sales of EUR 60 million annually and currently has some 640 employees,[[To]] business to be divested [[engenders]] [[solidify]] net sales of EUR 60 million annually and currently has some 640 employees,2
218,"According to Seikku , the retail sector in Finland is [[controlled]] by 3-4 large actors , while food manufacturers are still relatively small","According to Seikku , the retail sector in Finland is [[policed]] by 3-4 large actors , while food manufacturers are still relatively small",2
219,"Pretax profit totalled [[EUR]] 2.0 mn , [[compared]] to a [[loss]] of EUR 159.2 mn in the fourth quarter of 2008","Pretax profit totalled [[EUROS]] 2.0 mn , [[compares]] to a [[wasting]] of EUR 159.2 mn in the fourth quarter of 2008",0
220,Tekla Group 's [[net]] [[sales]] for 2006 were [[approximately]] 50 million [[euros]] and operating result 13.6 million euros,Tekla Group 's [[filet]] [[soiled]] for 2006 were [[nigh]] 50 million [[euro]] and operating result 13.6 million euros,2
221,Finnish automation solutions developer Cencorp Corporation ( OMX Helsinki : CNC1V ) [[issued]] on Thursday ( 18 September ) a [[profit]] warning for the third quarter of 2008,Finnish automation solutions developer Cencorp Corporation ( OMX Helsinki : CNC1V ) [[issuance]] on Thursday ( 18 September ) a [[benefit]] warning for the third quarter of 2008,1
222,Pertti Ervi is [[independent]] from the [[Company]] and its [[major]] shareholders,Pertti Ervi is [[independents]] from the [[Business]] and its [[hefty]] shareholders,2
223,"Following the [[move]] , Stora Enso holding in NewPage will [[remain]] unchanged","Following the [[moves]] , Stora Enso holding in NewPage will [[sustain]] unchanged",2
224,"Outotec 's scope of delivery [[covers]] the [[engineering]] , supply of [[special]] [[equipment]] and [[services]] for a calcination plant with two circulating fluid bed calciners","Outotec 's scope of delivery [[embraces]] the [[genius]] , supply of [[unique]] [[team]] and [[service]] for a calcination plant with two circulating fluid bed calciners",2
225,"Clothing retail [[chain]] Sepp+ñl+[[ñ]] 's sales [[increased]] by 8 % to EUR 155.2 mn , and operating [[profit]] [[rose]] to EUR 31.1 mn from [[EUR]] 17.1 [[mn]] in 2004","Clothing retail [[string]] Sepp+ñl+[[ó]] 's sales [[hikes]] by 8 % to EUR 155.2 mn , and operating [[dividend]] [[rebounds]] to EUR 31.1 mn from [[EURO]] 17.1 [[min]] in 2004",0
226,"It is a member of the OneWorld alliance , which [[includes]] American [[Airlines]] and British [[Airways]]","It is a member of the OneWorld alliance , which [[implicates]] American [[Airlift]] and British [[Airspace]]",2
227,"Earnings per share for the quarter were also [[higher]] year-on-year at 0.33 eur versus 0.27 , and above market expectations of 0.28 eur","Earnings per share for the quarter were also [[grandest]] year-on-year at 0.33 eur versus 0.27 , and above market expectations of 0.28 eur",0
228,Risk exposure by Non-life Insurance  Moving 12-month  Expenses by function in Non-life Insurance [[excluding]] [[expenses]] for investment management and [[expenses]] for other services rendered Non-life Insurance investment portfolio by allocatio,Risk exposure by Non-life Insurance  Moving 12-month  Expenses by function in Non-life Insurance [[disqualify]] [[costs]] for investment management and [[burdened]] for other services rendered Non-life Insurance investment portfolio by allocatio,2
229,"Seven-month sales of Ragutis , which is controlled by the Finnish brewery Olvi , [[declined]] by 11.2 percent , to 15.41 million liters , and the company held 9.89 percent of the market","Seven-month sales of Ragutis , which is controlled by the Finnish brewery Olvi , [[reduction]] by 11.2 percent , to 15.41 million liters , and the company held 9.89 percent of the market",1
230,"The [[world]] 's second largest stainless steel maker [[said]] net profit in the three-month period until Dec. 31 [[surged]] to euro603 [[million]] US$ 781 [[million]] , or euro3 .33 US$ 4.31 per share , from euro172 million , or euro0 .94 per share , the previous [[year]]","The [[planet]] 's second largest stainless steel maker [[affirmed]] net profit in the three-month period until Dec. 31 [[slipped]] to euro603 [[billions]] US$ 781 [[millionth]] , or euro3 .33 US$ 4.31 per share , from euro172 million , or euro0 .94 per share , the previous [[leto]]",0
231,"Operating profit [[decreased]] to nearly EUR 1.7 mn , however","Operating profit [[mitigation]] to nearly EUR 1.7 mn , however",1
232,"The manufacture of CPPs will be [[undertaken]] at the existing Export [[Oriented]] Unit EOU at Wartsila 's [[factory]] at Khopoli , [[near]] [[Mumbai]]","The manufacture of CPPs will be [[reopened]] at the existing Export [[Concentrates]] Unit EOU at Wartsila 's [[installations]] at Khopoli , [[foreseeable]] [[Madras]]",2
233,Operating [[profit]] [[rose]] to EUR 103.4 mn from EUR 23.2 in the [[corresponding]] [[period]] in 2006,Operating [[revenues]] [[hikes]] to EUR 103.4 mn from EUR 23.2 in the [[correspond]] [[periods]] in 2006,0
234,"At the request of Finnish media company Alma [[Media]] 's newspapers , research manager Jari Kaivo-oja at the [[Finland]] Futures Research Centre at the Turku School of Economics has [[drawn]] up a future [[scenario]] for Finland 's national economy by using a model developed by the University of Denver","At the request of Finnish media company Alma [[Milieu]] 's newspapers , research manager Jari Kaivo-oja at the [[Finns]] Futures Research Centre at the Turku School of Economics has [[lured]] up a future [[screenplay]] for Finland 's national economy by using a model developed by the University of Denver",2
235,Sales of security and system packaging [[increased]] slightly,Sales of security and system packaging [[soars]] slightly,0
236,Kaupthing Bank will [[publish]] its annual [[results]] for 2007 before markets open on [[Thursday]] 31 [[January]],Kaupthing Bank will [[publication]] its annual [[upshot]] for 2007 before markets open on [[Saturday]] 31 [[Janeiro]],2
237,`` Marimekko [[operates]] in an industry in which [[changes]] in the [[business]] climate are [[reflected]] in consumer demand,`` Marimekko [[manage]] in an industry in which [[shift]] in the [[entrepreneurial]] climate are [[shown]] in consumer demand,2
238,"[[Changes]] being announced [[today]] will be [[effective]] after the [[close]] of [[trading]] on Friday , June 19 , 2009","[[Shift]] being announced [[thursday]] will be [[efficacious]] after the [[tight]] of [[trade]] on Friday , June 19 , 2009",2
239,"Finnish textiles and clothing group Marimekko Oyj posted a net profit of 7.99 mln euro $ 10.4 mln for 2006 , [[compared]] to 8.4 mln euro $ 10.9 mln for 2005","Finnish textiles and clothing group Marimekko Oyj posted a net profit of 7.99 mln euro $ 10.4 mln for 2006 , [[comparative]] to 8.4 mln euro $ 10.9 mln for 2005",1
240,[[The]] machinery now ordered will be [[placed]] in a new [[mill]] with an [[annual]] production [[capacity]] of 40 000 m3 of overlaid birch plywood,[[Nova]] machinery now ordered will be [[brought]] in a new [[factories]] with an [[year]] production [[capability]] of 40 000 m3 of overlaid birch plywood,2
241,"Finnish bank Pohjola [[Bank]] Plc HEL : POH1S [[said]] [[today]] that it will issue a [[EUR]] 40 million [[USD]] 51.2 m index-linked bond , Pohjola Tutkimuksen Tahdet VIII-2010 Pohjola [[Research]] Stars VIII-2010 , on [[October]] 27 , 2010","Finnish bank Pohjola [[Banks]] Plc HEL : POH1S [[reaffirmed]] [[now]] that it will issue a [[EUROS]] 40 million [[DOLLAR]] 51.2 m index-linked bond , Pohjola Tutkimuksen Tahdet VIII-2010 Pohjola [[Study]] Stars VIII-2010 , on [[Nov]] 27 , 2010",2
242,"YIT lodged counter [[claims]] against Neste Oil totaling some EUR25m , primarily [[based]] on [[work]] carried out under the [[contract]] and additional costs incurred [[due]] to prolongation of the [[project]]","YIT lodged counter [[allege]] against Neste Oil totaling some EUR25m , primarily [[bases]] on [[cooperation]] carried out under the [[contractual]] and additional costs incurred [[appropriately]] to prolongation of the [[draft]]",1
243,"The contract [[covers]] the supply of temporary heating equipment for LKAB 's new pellet plant in Kiruna , in northern Sweden","The contract [[embraces]] the supply of temporary heating equipment for LKAB 's new pellet plant in Kiruna , in northern Sweden",2
244,"- Demand for fireplace products was [[lower]] than expected , especially in Germany","- Demand for fireplace products was [[mitigation]] than expected , especially in Germany",1
245,"The building will house , for example , Respecta Oy 's Jyvaskyla premises , as well as other companies to be [[announced]] [[later]] , says Samuel Koivisto , Director of Technopolis operations in Jyvaskyla","The building will house , for example , Respecta Oy 's Jyvaskyla premises , as well as other companies to be [[heralding]] [[posterior]] , says Samuel Koivisto , Director of Technopolis operations in Jyvaskyla",2
246,Affecto has [[participated]] in the program for the development of the Norwegian pension system since 2007,Affecto has [[competed]] in the program for the development of the Norwegian pension system since 2007,2
247,"[[Financial]] Statements [[include]] the [[consolidated]] financial statements of the Group , the Board of Directors ' Report , the Auditors ' Report and the [[Corporate]] Governance [[Statement]]","[[Financials]] Statements [[complicate]] the [[consolidating]] financial statements of the Group , the Board of Directors ' Report , the Auditors ' Report and the [[Companies]] Governance [[Statements]]",2
248,"[[For]] 2009 , net [[profit]] was EUR 3 million and the company paid a dividend of [[EUR]] 1.30 apiece","[[Towards]] 2009 , net [[gains]] was EUR 3 million and the company paid a dividend of [[EURO]] 1.30 apiece",2
249,Sports equipment sales also progressed [[well]] owing to the prolonged winter season,Sports equipment sales also progressed [[bah]] owing to the prolonged winter season,0
250,"According to the company , a [[decision]] in the [[issue]] will be [[made]] in the [[summer]] of 2010 , at the [[earliest]] , and in the [[summer]] of 2011 , at the latest","According to the company , a [[decide]] in the [[hassles]] will be [[achieved]] in the [[hsia]] of 2010 , at the [[tightest]] , and in the [[sommer]] of 2011 , at the latest",2
251,N-Viro operates processing facilities [[independently]] as [[well]] as in partnership with municipalities,N-Viro operates processing facilities [[notwithstanding]] as [[good]] as in partnership with municipalities,2
252,The move was [[triggered]] by [[weak]] [[demand]] for forestry equipment and the uncertain market situation,The move was [[aroused]] by [[brittle]] [[wondering]] for forestry equipment and the uncertain market situation,1
253,"[[The]] Board [[established]] a Remuneration [[Committee]] with following members : - Sari Baldauf [[Chairman]] - Tapio Hintikka - Heikki Westerlund In addition , the Board [[decided]] to appoint a Nomination Committee at a later [[stage]]","[[To]] Board [[caused]] a Remuneration [[Commitee]] with following members : - Sari Baldauf [[Presiding]] - Tapio Hintikka - Heikki Westerlund In addition , the Board [[decision]] to appoint a Nomination Committee at a later [[ballpark]]",2
254,"Metsaliitto , however , [[narrowed]] its net loss for the second quarter of 2007 to 5.0 mln euro $ 6.9 mln from 61 mln euro $ 83.7 mln a year ago","Metsaliitto , however , [[decreased]] its net loss for the second quarter of 2007 to 5.0 mln euro $ 6.9 mln from 61 mln euro $ 83.7 mln a year ago",0
255,"In the end of 2006 , the number of outlets will [[rise]] to 60-70","In the end of 2006 , the number of outlets will [[augmentation]] to 60-70",0
256,The deal will have no [[significant]] [[effect]] on the acquiring company 's equity [[ratio]],The deal will have no [[tremendous]] [[complications]] on the acquiring company 's equity [[quotient]],2
257,"The money will be [[spread]] [[mainly]] over 2011 and 2012 , the company [[said]]","The money will be [[spreading]] [[especially]] over 2011 and 2012 , the company [[says]]",2
258,"The broker [[started]] UPM-Kymmene , Stora Enso and Sappi with ` equal-weight ' [[recommendations]] and Holmen and Norske Skog with ` underweight ' ratings","The broker [[opened]] UPM-Kymmene , Stora Enso and Sappi with ` equal-weight ' [[recommendation]] and Holmen and Norske Skog with ` underweight ' ratings",2
259,"The Company [[serves]] [[approximately]] 3,000 [[customers]] in over 100 countries","The Company [[assisted]] [[nearly]] 3,000 [[shoppers]] in over 100 countries",2
260,"A Helsinki : ELIiV [[today]] reported EPS of EUR1 .13 for 2009 , an [[increase]] over EPS of EUR1 .12 in 2008","A Helsinki : ELIiV [[currently]] reported EPS of EUR1 .13 for 2009 , an [[enhanced]] over EPS of EUR1 .12 in 2008",0
261,"[[Excluding]] non-recurring items , pre-tax [[profit]] [[surged]] 45 % to EUR80m","[[Foreclose]] non-recurring items , pre-tax [[takings]] [[skyrocketed]] 45 % to EUR80m",0
262,The combined [[value]] of the orders is [[almost]] EUR 3mn,The combined [[importance]] of the orders is [[tightest]] EUR 3mn,2
263,Finnish [[Bank]] of +àland reports its operating [[profit]] [[rose]] to EUR 21.3 mn in the second quarter of 2009 from EUR 6.1 mn in the corresponding period in 2008,Finnish [[Banker]] of +àland reports its operating [[revenues]] [[hikes]] to EUR 21.3 mn in the second quarter of 2009 from EUR 6.1 mn in the corresponding period in 2008,0
264,"The [[biggest]] sellers in the chain 's supermarkets in Finland are [[organic]] Pirkka [[tomatoes]] , carrots , eggs , and meat products","The [[strongest]] sellers in the chain 's supermarkets in Finland are [[biological]] Pirkka [[broccoli]] , carrots , eggs , and meat products",2
265,"The order [[comprises]] all production lines for a plywood mill , company said in a statement received by Lesprom Network","The order [[implicates]] all production lines for a plywood mill , company said in a statement received by Lesprom Network",2
266,Atria said its offer would give the Swedish company [[continued]] ownership and control of its slaughtering and cutting operations,Atria said its offer would give the Swedish company [[sustained]] ownership and control of its slaughtering and cutting operations,2
267,The [[financial]] statements [[release]] will be [[available]] after publishing on the Company 's internet pages at www.cargotec.[[com]],The [[economy]] statements [[liberation]] will be [[affordable]] after publishing on the Company 's internet pages at www.cargotec.[[coms]],2
268,"Cost [[savings]] will then [[rise]] to some 20 [[mln]] eur a year from 2007 , OKO said","Cost [[economics]] will then [[rebounds]] to some 20 [[trillions]] eur a year from 2007 , OKO said",0
269,The writing and publication of Lemmink+ñinen -¦ s history is a [[continuation]] of [[earlier]] [[collaboration]] between Antti Tuuri and the [[company]],The writing and publication of Lemmink+ñinen -¦ s history is a [[continuance]] of [[sooner]] [[cooperating]] between Antti Tuuri and the [[enterprising]],2
270,Also the development of online businesses will [[continue]],Also the development of online businesses will [[persevere]],2
271,The contract value [[amounts]] to EUR 2.4 [[million]],The contract value [[volumes]] to EUR 2.4 [[billions]],2
272,"The sale , which will result in a [[gain]] of some EUR 60 million in the second quarter of 2010 for Oriola-KD , [[supports]] the Finnish company 's strategy to focus on pharmaceutical wholesale and retail [[operations]]","The sale , which will result in a [[obtains]] of some EUR 60 million in the second quarter of 2010 for Oriola-KD , [[contends]] the Finnish company 's strategy to focus on pharmaceutical wholesale and retail [[activities]]",0
273,"[[Finnish]] pulp and paper machinery [[maker]] Vaahto Group Oyj swung to a 1.1 [[mln]] euro $ 1.4 [[mln]] net profit in the fiscal 2005-06 , [[ended]] [[August]] 31 , 2006 , from a 249,000 euro $ 319,000 net loss in the fiscal 2004-05","[[Finn]] pulp and paper machinery [[craftsman]] Vaahto Group Oyj swung to a 1.1 [[billions]] euro $ 1.4 [[millions]] net profit in the fiscal 2005-06 , [[halting]] [[Augusta]] 31 , 2006 , from a 249,000 euro $ 319,000 net loss in the fiscal 2004-05",0
274,An earn-out payment of up to 4.0 mln euro ( $ 5.3 mln ) can [[also]] be paid [[depending]] on Intellibis [[financial]] performance in 2007,An earn-out payment of up to 4.0 mln euro ( $ 5.3 mln ) can [[again]] be paid [[relying]] on Intellibis [[funding]] performance in 2007,2
275,"In September alone , the market [[declined]] by 10.2 percent year-on-year to 19.28 million liters","In September alone , the market [[regressed]] by 10.2 percent year-on-year to 19.28 million liters",1
276,QPR ProcessGuide is [[available]] as a system solution with centralized storage and management of [[process]] content as [[well]] as a standalone desktop version ; QPR ProcessGuide Xpress,QPR ProcessGuide is [[attainable]] as a system solution with centralized storage and management of [[treated]] content as [[good]] as a standalone desktop version ; QPR ProcessGuide Xpress,2
277,"The [[transaction]] is [[subject]] to a final agreement between the [[parties]] , approvals of their decision-making bodies and [[approval]] by the Finnish Competition Authority","The [[surgery]] is [[topic]] to a final agreement between the [[part]] , approvals of their decision-making bodies and [[endorsement]] by the Finnish Competition Authority",2
278,"The start of the negotiations , [[relating]] to Glaston 's [[efficiency]] program , was [[announced]] in October","The start of the negotiations , [[relative]] to Glaston 's [[effectiveness]] program , was [[heralded]] in October",2
279,"According to Gallup Food and Farm Facts , [[beef]] [[consumption]] [[totaled]] 99mn kilos in Finland in 2007","According to Gallup Food and Farm Facts , [[cows]] [[exertion]] [[aggregate]] 99mn kilos in Finland in 2007",2
280,"[[In]] 2008 , the deal is likely to bring [[savings]] of [[EUR]] 20mn-25mn","[[At]] 2008 , the deal is likely to bring [[rescued]] of [[EUROS]] 20mn-25mn",0
281,"In the building and home improvement trade , sales [[decreased]] by 6.3 % , totalling EUR 154.1 mn","In the building and home improvement trade , sales [[mitigation]] by 6.3 % , totalling EUR 154.1 mn",1
282,"In the first quarter of 2008 , Sacanfil 's [[net]] sales [[totalled]] EUR 50.0 mn and its operating profit EUR 4.7 mn","In the first quarter of 2008 , Sacanfil 's [[tenderloin]] sales [[reached]] EUR 50.0 mn and its operating profit EUR 4.7 mn",2
283,The acquisition will [[considerably]] increase Kemira 's sales and market position in the Russian metal industry coatings market,The acquisition will [[appallingly]] increase Kemira 's sales and market position in the Russian metal industry coatings market,0
284,"A. Le Coq Special was developed for the bicentenary of the company and the [[trade]] [[mark]] , the [[brewer]] [[said]]","A. Le Coq Special was developed for the bicentenary of the company and the [[marketplace]] [[flagged]] , the [[brewery]] [[says]]",2
285,"Componenta is a metal sector [[company]] with [[international]] operations and [[production]] plants located in Finland , the Netherlands , Sweden and [[Turkey]]","Componenta is a metal sector [[entrepreneurial]] with [[worldwide]] operations and [[fruitful]] plants located in Finland , the Netherlands , Sweden and [[Turkic]]",2
286,"The disposal of Autotank will also [[strengthen]] Aspo 's capital structure , '' commented Gustav Nyberg , CEO of Aspo","The disposal of Autotank will also [[consolidating]] Aspo 's capital structure , '' commented Gustav Nyberg , CEO of Aspo",0
287,"[[The]] steelmaker said that the [[drop]] in profit was explained by the [[continuing]] economic uncertainty , mixed with the [[current]] drought in bank lending , [[resulting]] in a [[decline]] in [[demand]] for its products as customers [[find]] it increasingly difficult to fund [[operations]]","[[Du]] steelmaker said that the [[chute]] in profit was explained by the [[constant]] economic uncertainty , mixed with the [[currently]] drought in bank lending , [[result]] in a [[reductions]] in [[demands]] for its products as customers [[unearth]] it increasingly difficult to fund [[operandi]]",1
288,"561,470 new shares under 2003 [[option]] rights plan Packaging company Huhtamaki Oyj reported on [[Monday]] that a [[total]] of 561,470 new shares of the company have been [[issued]] [[based]] on share subscriptions under its 2003 [[option]] [[rights]] plan","561,470 new shares under 2003 [[replacing]] rights plan Packaging company Huhtamaki Oyj reported on [[Saturday]] that a [[unmitigated]] of 561,470 new shares of the company have been [[dispensed]] [[base]] on share subscriptions under its 2003 [[alternates]] [[right]] plan",2
289,Finnish KCI Konecranes has been awarded an [[order]] for four hot [[metal]] ladle cranes by Indian steel [[producer]] Bhushan Steel & Strips to be delivered in 2007,Finnish KCI Konecranes has been awarded an [[injunction]] for four hot [[metallic]] ladle cranes by Indian steel [[manufacturer]] Bhushan Steel & Strips to be delivered in 2007,0
290,"The Group 's turnover in 2006 was EUR 39.2 [[million]] , and [[operating]] [[profit]] was EUR 3.9 [[million]]","The Group 's turnover in 2006 was EUR 39.2 [[zillion]] , and [[exploiting]] [[gains]] was EUR 3.9 [[millionth]]",2
291,"The six [[breweries]] [[recorded]] a 5.2 percent [[growth]] in domestic [[beer]] [[sales]] last [[year]] to 270.21 million liters , from 256.88 million liters sold in 2005","The six [[beaters]] [[register]] a 5.2 percent [[exacerbate]] in domestic [[casket]] [[sale]] last [[annually]] to 270.21 million liters , from 256.88 million liters sold in 2005",0
292,"Net sales of Kyro 's main business area , Glaston Technologies , a manufacturer of glass processing machines , [[decreased]] to EUR 161.5 mn from EUR 164.1 mn in January-September 2005","Net sales of Kyro 's main business area , Glaston Technologies , a manufacturer of glass processing machines , [[shortening]] to EUR 161.5 mn from EUR 164.1 mn in January-September 2005",1
293,"In January-June 2010 , diluted loss [[per]] [[share]] [[stood]] at EUR0 .3 versus EUR0 .1 in the [[first]] half of 2009","In January-June 2010 , diluted loss [[paras]] [[shared]] [[reached]] at EUR0 .3 versus EUR0 .1 in the [[outset]] half of 2009",1
294,"The company 's transportation [[business]] is [[conducted]] through Florida Rock & [[Tank]] Lines , which is a Southeastern transportation [[company]] [[concentrating]] in the hauling by motor carrier of liquid and [[dry]] bulk commodities","The company 's transportation [[venture]] is [[accomplished]] through Florida Rock & [[Reservoir]] Lines , which is a Southeastern transportation [[entrepreneurial]] [[spotlight]] in the hauling by motor carrier of liquid and [[drier]] bulk commodities",2
295,`` [[Demand]] for [[sports]] equipment was [[good]] in 2005,`` [[Asked]] for [[athletes]] equipment was [[bueno]] in 2005,0
296,The agreement [[includes]] [[application]] maintenance and support services,The agreement [[embraces]] [[requested]] maintenance and support services,2
297,The bank VTB24 [[provides]] [[mortgage]] loans to buy apartments in the complex at 11-13 % per [[annum]] in [[rubles]],The bank VTB24 [[brings]] [[refinance]] loans to buy apartments in the complex at 11-13 % per [[annually]] in [[rupees]],2
298,"In 2008 , AVC Systemhaus had [[net]] sales of EUR 10 [[million]] USD 7.1 m","In 2008 , AVC Systemhaus had [[nabbed]] sales of EUR 10 [[zillion]] USD 7.1 m",2
299,"Loss after [[financial]] items totalled EUR 9.7 mn , [[compared]] to a profit of EUR 1.3 mn in the corresponding period in 2008","Loss after [[funds]] items totalled EUR 9.7 mn , [[compare]] to a profit of EUR 1.3 mn in the corresponding period in 2008",1
300,8 May 2009 - Finnish [[liquid]] handling products and diagnostic [[test]] systems maker Biohit Oyj ( HEL : BIOBV ) said today ( 8 May 2009 ) its net loss [[narrowed]] to EUR0 .1 m ( USD0 .14 m ) for the [[first]] quarter of 2009 from EUR0 .4 m for the same [[period]] of 2008,8 May 2009 - Finnish [[fluid]] handling products and diagnostic [[essays]] systems maker Biohit Oyj ( HEL : BIOBV ) said today ( 8 May 2009 ) its net loss [[dwindled]] to EUR0 .1 m ( USD0 .14 m ) for the [[initially]] quarter of 2009 from EUR0 .4 m for the same [[scheduling]] of 2008,0
301,"The [[maximum]] [[grade]] of the veneer yield is [[calculated]] , based on the dimensions and grades of the veneer products , as [[well]] as by iterating the [[places]] of the peeling axes and [[simulating]] the peeling process","The [[superior]] [[degree]] of the veneer yield is [[estimated]] , based on the dimensions and grades of the veneer products , as [[good]] as by iterating the [[venues]] of the peeling axes and [[emulate]] the peeling process",2
302,Pharmaceutical market in [[Poland]] [[Global]] Research & Data Services published recently a market analysis about the [[pharmaceutical]] [[markets]] in Poland,Pharmaceutical market in [[Pole]] [[Universally]] Research & Data Services published recently a market analysis about the [[drug]] [[contracted]] in Poland,2
303,The [[idea]] of saving [[electricity]] in data [[transfer]] is still a [[new]] one,The [[inkling]] of saving [[electrified]] in data [[transfered]] is still a [[nouveau]] one,2
304,"In his current position , Manty has [[worked]] since 1996","In his current position , Manty has [[cooperating]] since 1996",2
305,`` They [[want]] my credit card [[info]] and my personal details,`` They [[envy]] my credit card [[informations]] and my personal details,2
306,Sales [[rose]] 10 pct to 566 mln eur on the back of [[strong]] volume and [[favourable]] currency [[effects]],Sales [[hikes]] 10 pct to 566 mln eur on the back of [[pompous]] volume and [[propitious]] currency [[repercussions]],0
307,"( ADP News ) - Feb 4 , 2009 - Finnish broadband data communication systems and solutions company Teleste Oyj ( HEL : TLT1V ) said today its net profit [[decreased]] to EUR 5.5 million ( USD 7.2 m ) for 2008 from EUR 9.4 million for 20","( ADP News ) - Feb 4 , 2009 - Finnish broadband data communication systems and solutions company Teleste Oyj ( HEL : TLT1V ) said today its net profit [[shortening]] to EUR 5.5 million ( USD 7.2 m ) for 2008 from EUR 9.4 million for 20",1
308,"Profit before taxes [[decreased]] by 9 % to EUR 187.8 mn in the first nine months of 2008 , compared to EUR 207.1 mn a year earlier","Profit before taxes [[shortening]] by 9 % to EUR 187.8 mn in the first nine months of 2008 , compared to EUR 207.1 mn a year earlier",1
309,"The Web-Marela [[application]] [[handles]] invitations to quote , quote comparisons , agreements , [[purchases]] , invoice [[inspections]] , inventory management , and deliveries","The Web-Marela [[petition]] [[tampered]] invitations to quote , quote comparisons , agreements , [[bribed]] , invoice [[inspectors]] , inventory management , and deliveries",2
310,"The floor area of the Yliopistonrinne project will be 7,900 sq m and the building 's gross area will total 12,800 sq m. A total 25.1 % of the facilities have been [[let]]","The floor area of the Yliopistonrinne project will be 7,900 sq m and the building 's gross area will total 12,800 sq m. A total 25.1 % of the facilities have been [[leaving]]",2
311,"We succeeded in [[increasing]] our market [[share]] of sold apartment '' , comments Mr Kari Kauniskangas , [[Head]] of YIT International [[Construction]] Services","We succeeded in [[croissant]] our market [[exchanging]] of sold apartment '' , comments Mr Kari Kauniskangas , [[Heads]] of YIT International [[Erect]] Services",0
312,Sanoma News ' advertising sales [[decreased]] by 22 % during the year,Sanoma News ' advertising sales [[shortening]] by 22 % during the year,1
313,"The financial impact is estimated to be an annual [[improvement]] of EUR2 .0 m in the division 's results , as of fiscal year 2008","The financial impact is estimated to be an annual [[improved]] of EUR2 .0 m in the division 's results , as of fiscal year 2008",0
314,"Finnish Kemira Group 's CEO , Lasse Kurkilahti , says the Group 's structural reorganisation will continue for at [[least]] a year","Finnish Kemira Group 's CEO , Lasse Kurkilahti , says the Group 's structural reorganisation will continue for at [[weakest]] a year",2
315,"Finnish printed circuit boards ( PCBs ) [[maker]] Aspocomp [[Group]] Oyj [[said]] on December 4 , 2006 it named [[Henry]] Gilchrist [[senior]] [[vice]] president of the group 's Asian operations , as of [[January]] 8 , 2007","Finnish printed circuit boards ( PCBs ) [[producers]] Aspocomp [[Grupo]] Oyj [[affirms]] on December 4 , 2006 it named [[Enrique]] Gilchrist [[top]] [[immodest]] president of the group 's Asian operations , as of [[Janeiro]] 8 , 2007",2
316,"Changes in the market situation and tougher price competition have substantially [[reduced]] demand for bread packaging manufactured at the Kauhava plant , according to the company","Changes in the market situation and tougher price competition have substantially [[mitigation]] demand for bread packaging manufactured at the Kauhava plant , according to the company",1
